traffic_type,intensity,iteration,source,sink,mean_completion_time
1,1,0,h1-1-2,h3-1-2,0.07812528610229492
1,1,1,h1-1-2,h3-1-2,0.07889039516448974
1,1,2,h1-1-2,h3-1-2,0.07841877937316895
1,1,3,h1-1-2,h3-1-2,0.07495789527893067
1,1,4,h1-1-2,h3-1-2,0.07914280891418457
1,1,5,h1-1-2,h3-1-2,0.07805125713348389
1,1,6,h1-1-2,h3-1-2,0.07957181930541993
1,1,7,h1-1-2,h3-1-2,0.08340094089508057
1,1,8,h1-1-2,h3-1-2,0.07541968822479247
1,1,9,h1-1-2,h3-1-2,0.07650532722473144
1,2,0,h4-2-1,h1-2-2,0.1202654480934143
1,2,1,h4-2-1,h1-2-2,0.11755102872848511
1,2,2,h4-2-1,h1-2-2,0.12534886598587036
1,2,3,h4-2-1,h1-2-2,0.12101356983184815
1,2,4,h4-2-1,h1-2-2,0.11836555004119872
1,2,5,h4-2-1,h1-2-2,0.11651575565338135
1,2,6,h4-2-1,h1-2-2,0.1221632719039917
1,2,7,h4-2-1,h1-2-2,0.1264677405357361
1,2,8,h4-2-1,h1-2-2,0.11338675022125244
1,2,9,h4-2-1,h1-2-2,0.12858147621154786
1,3,0,h4-1-1,h2-2-2,0.15602490901947022
1,3,1,h4-1-1,h2-2-2,0.16145901679992675
1,3,2,h4-1-1,h2-2-2,0.15173304875691732
1,3,3,h4-1-1,h2-2-2,0.15290769735972087
1,3,4,h4-1-1,h2-2-2,0.16755804220835369
1,3,5,h4-1-1,h2-2-2,0.1585729996363322
1,3,6,h4-1-1,h2-2-2,0.15673957665761312
1,3,7,h4-1-1,h2-2-2,0.15686833063761393
1,3,8,h4-1-1,h2-2-2,0.15710464318593342
1,3,9,h4-1-1,h2-2-2,0.16202634970347088
1,4,0,h2-1-1,h1-2-2,0.1890914797782898
1,4,1,h2-1-1,h1-2-2,0.19726260304450988
1,4,2,h2-1-1,h1-2-2,0.18981587886810303
1,4,3,h2-1-1,h1-2-2,0.18680064678192138
1,4,4,h2-1-1,h1-2-2,0.1889798939228058
1,4,5,h2-1-1,h1-2-2,0.18371540904045106
1,4,6,h2-1-1,h1-2-2,0.17759627103805542
1,4,7,h2-1-1,h1-2-2,0.1719340443611145
1,4,8,h2-1-1,h1-2-2,0.1858936905860901
1,4,9,h2-1-1,h1-2-2,0.17933531403541564
1,5,0,h1-2-1,h4-1-2,0.2119088888168335
1,5,1,h1-2-1,h4-1-2,0.21333008289337158
1,5,2,h1-2-1,h4-1-2,0.2095384979248047
1,5,3,h1-2-1,h4-1-2,0.21259423732757568
1,5,4,h1-2-1,h4-1-2,0.20258498191833496
1,5,5,h1-2-1,h4-1-2,0.21002222537994386
1,5,6,h1-2-1,h4-1-2,0.22092504501342775
1,5,7,h1-2-1,h4-1-2,0.22228844165802003
1,5,8,h1-2-1,h4-1-2,0.19728436470031738
1,5,9,h1-2-1,h4-1-2,0.20137614727020264
1,6,0,h4-2-1,h3-2-2,0.2371661901473999
1,6,1,h4-2-1,h3-2-2,0.2322637438774109
1,6,2,h4-2-1,h3-2-2,0.23687344392140705
1,6,3,h4-2-1,h3-2-2,0.24139545758565267
1,6,4,h4-2-1,h3-2-2,0.23258957068125408
1,6,5,h4-2-1,h3-2-2,0.24373972415924072
1,6,6,h4-2-1,h3-2-2,0.23280953963597614
1,6,7,h4-2-1,h3-2-2,0.24752471844355264
1,6,8,h4-2-1,h3-2-2,0.24014843304951985
1,6,9,h4-2-1,h3-2-2,0.23875274658203124
1,7,0,h1-1-1,h1-2-2,0.23516591957637242
1,7,1,h1-1-1,h1-2-2,0.22676477091653005
1,7,2,h1-1-1,h1-2-2,0.22454349654061453
1,7,3,h1-1-1,h1-2-2,0.2223688908985683
1,7,4,h1-1-1,h1-2-2,0.23237123148781913
1,7,5,h1-1-1,h1-2-2,0.23325186456952776
1,7,6,h1-1-1,h1-2-2,0.22718351227896555
1,7,7,h1-1-1,h1-2-2,0.24364760943821498
1,7,8,h1-1-1,h1-2-2,0.23293747220720565
1,7,9,h1-1-1,h1-2-2,0.22831624916621618
1,8,0,h1-1-2,h2-1-1,0.3010306417942047
1,8,1,h1-1-2,h2-1-1,0.27416338622570036
1,8,2,h1-1-2,h2-1-1,0.27756454348564147
1,8,3,h1-1-2,h2-1-1,0.2764695405960083
1,8,4,h1-1-2,h2-1-1,0.2714167296886444
1,8,5,h1-1-2,h2-1-1,0.2951751947402954
1,8,6,h1-1-2,h2-1-1,0.2789058148860931
1,8,7,h1-1-2,h2-1-1,0.2754210829734802
1,8,8,h1-1-2,h2-1-1,0.2752306073904037
1,8,9,h1-1-2,h2-1-1,0.27764598429203036
1,9,0,h3-1-1,h2-1-2,0.29433475335439047
1,9,1,h3-1-1,h2-1-2,0.28545058833228215
1,9,2,h3-1-1,h2-1-2,0.30278046660953095
1,9,3,h3-1-1,h2-1-2,0.29807965755462645
1,9,4,h3-1-1,h2-1-2,0.29850694603390165
1,9,5,h3-1-1,h2-1-2,0.31630217234293617
1,9,6,h3-1-1,h2-1-2,0.2988815704981486
1,9,7,h3-1-1,h2-1-2,0.3191964175966051
1,9,8,h3-1-1,h2-1-2,0.3164298931757609
1,9,9,h3-1-1,h2-1-2,0.300107929441664
1,10,0,h1-1-2,h3-2-2,0.32803304195404054
1,10,1,h1-1-2,h3-2-2,0.32589290142059324
1,10,2,h1-1-2,h3-2-2,0.3269343876838684
1,10,3,h1-1-2,h3-2-2,0.3088336968421936
1,10,4,h1-1-2,h3-2-2,0.33339510440826414
1,10,5,h1-1-2,h3-2-2,0.3388943076133728
1,10,6,h1-1-2,h3-2-2,0.3139082145690918
1,10,7,h1-1-2,h3-2-2,0.32042893409729006
1,10,8,h1-1-2,h3-2-2,0.34544982671737673
1,10,9,h1-1-2,h3-2-2,0.3112927842140198
2,1,0,h2-2-2,h4-1-2,0.062276363372802734
2,1,1,h2-2-2,h4-1-2,0.06148679256439209
2,1,2,h2-2-2,h4-1-2,0.06235768795013428
2,1,3,h2-2-2,h4-1-2,0.061583209037780764
2,1,4,h2-2-2,h4-1-2,0.06084444522857666
2,1,5,h2-2-2,h4-1-2,0.0602506160736084
2,1,6,h2-2-2,h4-1-2,0.06124324798583984
2,1,7,h2-2-2,h4-1-2,0.06308729648590088
2,1,8,h2-2-2,h4-1-2,0.06292860507965088
2,1,9,h2-2-2,h4-1-2,0.061139035224914554
2,2,0,h1-1-2,h3-2-1,0.10098420381546021
2,2,1,h1-1-2,h3-2-1,0.10004538297653198
2,2,2,h1-1-2,h3-2-1,0.10242165327072143
2,2,3,h1-1-2,h3-2-1,0.10314724445343018
2,2,4,h1-1-2,h3-2-1,0.10425032377243042
2,2,5,h1-1-2,h3-2-1,0.10337169170379638
2,2,6,h1-1-2,h3-2-1,0.10711026191711426
2,2,7,h1-1-2,h3-2-1,0.09940638542175292
2,2,8,h1-1-2,h3-2-1,0.09666996002197266
2,2,9,h1-1-2,h3-2-1,0.09993388652801513
2,3,0,h1-2-2,h2-1-1,0.1270236651102702
2,3,1,h1-2-2,h2-1-1,0.12404816150665283
2,3,2,h1-2-2,h2-1-1,0.11946656703948974
2,3,3,h1-2-2,h2-1-1,0.12494708697001139
2,3,4,h1-2-2,h2-1-1,0.12532857259114583
2,3,5,h1-2-2,h2-1-1,0.12244143486022949
2,3,6,h1-2-2,h2-1-1,0.12572932243347168
2,3,7,h1-2-2,h2-1-1,0.12495005925496419
2,3,8,h1-2-2,h2-1-1,0.12593709627787272
2,3,9,h1-2-2,h2-1-1,0.12709877490997315
2,4,0,h2-2-2,h4-1-1,0.1491006135940552
2,4,1,h2-2-2,h4-1-1,0.15791670083999634
2,4,2,h2-2-2,h4-1-1,0.14934253692626953
2,4,3,h2-2-2,h4-1-1,0.14722341895103455
2,4,4,h2-2-2,h4-1-1,0.15182852745056152
2,4,5,h2-2-2,h4-1-1,0.15667761564254762
2,4,6,h2-2-2,h4-1-1,0.14960259795188904
2,4,7,h2-2-2,h4-1-1,0.14863725900650024
2,4,8,h2-2-2,h4-1-1,0.1490084171295166
2,4,9,h2-2-2,h4-1-1,0.15258796215057374
2,5,0,h4-2-1,h4-1-1,0.15022653102874756
2,5,1,h4-2-1,h4-1-1,0.13865688800811768
2,5,2,h4-2-1,h4-1-1,0.1467908000946045
2,5,3,h4-2-1,h4-1-1,0.15084368228912354
2,5,4,h4-2-1,h4-1-1,0.14682191371917724
2,5,5,h4-2-1,h4-1-1,0.14717273235321046
2,5,6,h4-2-1,h4-1-1,0.14937665462493896
2,5,7,h4-2-1,h4-1-1,0.14971161365509034
2,5,8,h4-2-1,h4-1-1,0.143234543800354
2,5,9,h4-2-1,h4-1-1,0.15007899284362794
2,6,0,h1-2-2,h1-1-2,0.15906329154968263
2,6,1,h1-2-2,h1-1-2,0.16210370858510334
2,6,2,h1-2-2,h1-1-2,0.16076468626658122
2,6,3,h1-2-2,h1-1-2,0.15799849828084309
2,6,4,h1-2-2,h1-1-2,0.1581652601559957
2,6,5,h1-2-2,h1-1-2,0.16199322938919067
2,6,6,h1-2-2,h1-1-2,0.1635015567143758
2,6,7,h1-2-2,h1-1-2,0.15840404033660888
2,6,8,h1-2-2,h1-1-2,0.1704598108927409
2,6,9,h1-2-2,h1-1-2,0.15335856676101683
2,7,0,h2-2-1,h3-2-2,0.20423526082720075
2,7,1,h2-2-1,h3-2-2,0.21542603628976004
2,7,2,h2-2-1,h3-2-2,0.20790843963623046
2,7,3,h2-2-1,h3-2-2,0.21381664616721016
2,7,4,h2-2-1,h3-2-2,0.20091344629015243
2,7,5,h2-2-1,h3-2-2,0.20558450222015381
2,7,6,h2-2-1,h3-2-2,0.20828297478812083
2,7,7,h2-2-1,h3-2-2,0.20488825866154262
2,7,8,h2-2-1,h3-2-2,0.1961848224912371
2,7,9,h2-2-1,h3-2-2,0.20514871052333286
2,8,0,h1-2-2,h2-1-1,0.22384825348854065
2,8,1,h1-2-2,h2-1-1,0.222262379527092
2,8,2,h1-2-2,h2-1-1,0.21773748397827147
2,8,3,h1-2-2,h2-1-1,0.21711641252040864
2,8,4,h1-2-2,h2-1-1,0.2249494343996048
2,8,5,h1-2-2,h2-1-1,0.21545329093933105
2,8,6,h1-2-2,h2-1-1,0.2285544216632843
2,8,7,h1-2-2,h2-1-1,0.22002015709877015
2,8,8,h1-2-2,h2-1-1,0.22509248852729796
2,8,9,h1-2-2,h2-1-1,0.2179507076740265
2,9,0,h1-2-2,h1-2-1,0.187931317753262
2,9,1,h1-2-2,h1-2-1,0.19015349282158744
2,9,2,h1-2-2,h1-2-1,0.19049715201059977
2,9,3,h1-2-2,h1-2-1,0.20182959503597683
2,9,4,h1-2-2,h1-2-1,0.18945571846432155
2,9,5,h1-2-2,h1-2-1,0.1936033010482788
2,9,6,h1-2-2,h1-2-1,0.1993760903676351
2,9,7,h1-2-2,h1-2-1,0.19457937081654866
2,9,8,h1-2-2,h1-2-1,0.18888374169667563
2,9,9,h1-2-2,h1-2-1,0.1978660398059421
2,10,0,h4-1-1,h4-1-2,0.21155368328094482
2,10,1,h4-1-1,h4-1-2,0.22508569240570067
2,10,2,h4-1-1,h4-1-2,0.2180951452255249
2,10,3,h4-1-1,h4-1-2,0.2093560838699341
2,10,4,h4-1-1,h4-1-2,0.21119433403015136
2,10,5,h4-1-1,h4-1-2,0.21228442668914796
2,10,6,h4-1-1,h4-1-2,0.21243461847305298
2,10,7,h4-1-1,h4-1-2,0.2259127378463745
2,10,8,h4-1-1,h4-1-2,0.2120176696777344
2,10,9,h4-1-1,h4-1-2,0.22297708034515382
